name,dateMarker,category,keywords,aliases
フェースシート,作成日,基本情報,フェイスシート;基本情報;利用者情報,フェイスシート|フェーズシート
介護保険被保険者証,有効期限,保険証,被保険者証;介護保険;要介護,被保険者証|介護保険証
負担割合証,適用期間,保険証,負担割合;利用者負担,
居宅サービス計画書（1）,作成年月日,ケアプラン,居宅サービス計画;援助の方針,
居宅サービス計画書（2）,作成年月日,ケアプラン,週間サービス計画表,
サービス担当者会議の要点,開催日,会議録,サービス担当者会議;会議の要点,
訪問介護計画書,作成日,サービス計画,訪問介護;サービス内容,
訪問看護計画書,作成日,サービス計画,訪問看護;看護計画,
通所介護計画書,作成日,サービス計画,通所介護;デイサービス,
福祉用具貸与計画書,作成日,サービス計画,福祉用具;貸与,
住宅改修理由書,作成日,申請書類,住宅改修;理由書,
主治医意見書,記載日,医療,主治医;意見書;要介護認定,
診断書,発行日,医療,診断書;診断名,
情報提供書,発行日,医療,情報提供;病状,
同意書,同意日,契約,同意書;重要事項説明,
契約書,契約日,契約,契約書;利用契約,
